Instancename,Availabilityzone1a,Availabilityzone1b,Availabilityzone1c
r4.xlarge,4.128600,4.128600,0.058100
i3en.xlarge,4.128600,4.128600,0.154200
i3en.xlarge,4.128600,4.128600,0.514000
i3en.xlarge,4.128600,4.128600,0.154200
r5d.8xlarge,4.128600,4.128600,0.472500
m6g.4xlarge,4.128600,4.128600,0.232900
m6g.4xlarge,4.128600,4.128600,0.232900
m6g.4xlarge,4.128600,4.128600,0.232900
x1.32xlarge,4.128600,4.128600,4.128600
x1.32xlarge,4.128600,4.128600,4.128600
