Instancename,Availabilityzone1a,Availabilityzone1b,Availabilityzone1c
c5d.18xlarge,0.105600,2.319900,0.950500
c6g.metal,0.105600,2.319900,1.363200
r5.xlarge,0.105600,2.319900,0.104000
c5a.2xlarge,0.105600,2.319900,0.105600
m6g.8xlarge,0.105600,2.319900,0.465700
m5.16xlarge,0.105600,2.319900,0.887100
inf1.6xlarge,0.105600,2.319900,1.518100
m5a.8xlarge,0.105600,2.319900,0.443600
m6g.xlarge,0.105600,2.319900,0.058200
c5n.4xlarge,0.105600,2.319900,0.275500
