Instancename,Availabilityzone1a,Availabilityzone1b,Availabilityzone1c
r5d.16xlarge,0.216000,0.053400,0.942300
r5.large,0.216000,0.053400,0.034000
r5.2xlarge,0.216000,0.053400,0.159000
r5.2xlarge,0.216000,0.053400,0.129900
r5.2xlarge,0.216000,0.053400,0.205100
c5a.8xlarge,0.216000,0.053400,0.422400
c5a.8xlarge,0.216000,0.053400,0.422400
c5a.8xlarge,0.216000,0.053400,0.422400
r3.large,0.216000,0.053400,0.030000
r3.large,0.216000,0.053400,0.027000
