Instancename,Availabilityzone1a,Availabilityzone1b,Availabilityzone1c
r5d.8xlarge,0.472500,0.472500,0.472500
m6g.4xlarge,0.472500,0.472500,0.232900
m6g.4xlarge,0.472500,0.472500,0.232900
m6g.4xlarge,0.472500,0.472500,0.232900
x1.32xlarge,0.472500,0.472500,4.128600
x1.32xlarge,0.472500,0.472500,4.128600
r5d.xlarge,0.472500,0.472500,0.058400
r5d.16xlarge,0.472500,0.472500,0.942300
r5.large,0.472500,0.472500,0.034000
r5.2xlarge,0.472500,0.472500,0.159000
